        f (GHz),             |S[1][1]| (dB),        arg(S[1][1]) (deg.)
 2.42000000e+00,        -1.835456406243e-02,        +1.355069166495e+02
 2.42020000e+00,        -1.826092263314e-02,        +1.355022818308e+02
 2.42040000e+00,        -1.817046316903e-02,        +1.354976629416e+02
 2.42060000e+00,        -1.808305190690e-02,        +1.354930596399e+02
 2.42080000e+00,        -1.799856184011e-02,        +1.354884715875e+02
 2.42100000e+00,        -1.791687233214e-02,        +1.354838984497e+02
 2.42120000e+00,        -1.783786875412e-02,        +1.354793398966e+02
 2.42140000e+00,        -1.776144214498e-02,        +1.354747956028e+02
 2.42160000e+00,        -1.768748889271e-02,        +1.354702652483e+02
 2.42180000e+00,        -1.761591043528e-02,        +1.354657485181e+02
 2.42200000e+00,        -1.754661297999e-02,        +1.354612451031e+02
 2.42220000e+00,        -1.747950724004e-02,        +1.354567546997e+02
 2.42240000e+00,        -1.741450818721e-02,        +1.354522770102e+02
 2.42260000e+00,        -1.735153481962e-02,        +1.354478117429e+02
 2.42280000e+00,        -1.729050994343e-02,        +1.354433586120e+02
 2.42300000e+00,        -1.723135996786e-02,        +1.354389173377e+02
 2.42320000e+00,        -1.717401471244e-02,        +1.354344876463e+02
 2.42340000e+00,        -1.711840722571e-02,        +1.354300692700e+02
 2.42360000e+00,        -1.706447361480e-02,        +1.354256619472e+02
 2.42380000e+00,        -1.701215288500e-02,        +1.354212654218e+02
 2.42400000e+00,        -1.696138678880e-02,        +1.354168794439e+02
 2.42420000e+00,        -1.691211968374e-02,        +1.354125037694e+02
 2.42440000e+00,        -1.686429839854e-02,        +1.354081381598e+02
 2.42460000e+00,        -1.681787210695e-02,        +1.354037823821e+02
 2.42480000e+00,        -1.677279220889e-02,        +1.353994362091e+02
 2.42500000e+00,        -1.672901221838e-02,        +1.353950994189e+02
 2.42520000e+00,        -1.668648765778e-02,        +1.353907717950e+02
 2.42540000e+00,        -1.664517595814e-02,        +1.353864531261e+02
 2.42560000e+00,        -1.660503636501e-02,        +1.353821432059e+02
 2.42580000e+00,        -1.656602984964e-02,        +1.353778418333e+02
 2.42600000e+00,        -1.652811902503e-02,        +1.353735488121e+02
 2.42620000e+00,        -1.649126806664e-02,        +1.353692639506e+02
 2.42640000e+00,        -1.645544263751e-02,        +1.353649870622e+02
 2.42660000e+00,        -1.642060981735e-02,        +1.353607179645e+02
 2.42680000e+00,        -1.638673803565e-02,        +1.353564564798e+02
 2.42700000e+00,        -1.635379700824e-02,        +1.353522024346e+02
 2.42720000e+00,        -1.632175767733e-02,        +1.353479556597e+02
 2.42740000e+00,        -1.629059215479e-02,        +1.353437159900e+02
 2.42760000e+00,        -1.626027366833e-02,        +1.353394832644e+02
 2.42780000e+00,        -1.623077651064e-02,        +1.353352573257e+02
 2.42800000e+00,        -1.620207599111e-02,        +1.353310380206e+02
 2.42820000e+00,        -1.617414839007e-02,        +1.353268251993e+02
 2.42840000e+00,        -1.614697091549e-02,        +1.353226187159e+02
 2.42860000e+00,        -1.612052166182e-02,        +1.353184184278e+02
 2.42880000e+00,        -1.609477957097e-02,        +1.353142241958e+02
 2.42900000e+00,        -1.606972439529e-02,        +1.353100358841e+02
 2.42920000e+00,        -1.604533666243e-02,        +1.353058533602e+02
 2.42940000e+00,        -1.602159764192e-02,        +1.353016764944e+02
 2.42960000e+00,        -1.599848931353e-02,        +1.352975051605e+02
 2.42980000e+00,        -1.597599433709e-02,        +1.352933392349e+02
 2.43000000e+00,        -1.595409602389e-02,        +1.352891785971e+02
 2.43020000e+00,        -1.593277830945e-02,        +1.352850231293e+02
 2.43040000e+00,        -1.591202572764e-02,        +1.352808727164e+02
 2.43060000e+00,        -1.589182338610e-02,        +1.352767272459e+02
 2.43080000e+00,        -1.587215694275e-02,        +1.352725866081e+02
 2.43100000e+00,        -1.585301258356e-02,        +1.352684506954e+02
 2.43120000e+00,        -1.583437700131e-02,        +1.352643194031e+02
 2.43140000e+00,        -1.581623737539e-02,        +1.352601926284e+02
 2.43160000e+00,        -1.579858135259e-02,        +1.352560702711e+02
 2.43180000e+00,        -1.578139702872e-02,        +1.352519522329e+02
 2.43200000e+00,        -1.576467293120e-02,        +1.352478384181e+02
 2.43220000e+00,        -1.574839800241e-02,        +1.352437287326e+02
 2.43240000e+00,        -1.573256158381e-02,        +1.352396230847e+02
 2.43260000e+00,        -1.571715340085e-02,        +1.352355213845e+02
 2.43280000e+00,        -1.570216354854e-02,        +1.352314235440e+02
 2.43300000e+00,        -1.568758247768e-02,        +1.352273294772e+02
 2.43320000e+00,        -1.567340098178e-02,        +1.352232390998e+02
 2.43340000e+00,        -1.565961018452e-02,        +1.352191523292e+02
 2.43360000e+00,        -1.564620152782e-02,        +1.352150690846e+02
 2.43380000e+00,        -1.563316676046e-02,        +1.352109892869e+02
 2.43400000e+00,        -1.562049792716e-02,        +1.352069128584e+02
 2.43420000e+00,        -1.560818735826e-02,        +1.352028397231e+02
 2.43440000e+00,        -1.559622765974e-02,        +1.351987698065e+02
 2.43460000e+00,        -1.558461170384e-02,        +1.351947030356e+02
 2.43480000e+00,        -1.557333261994e-02,        +1.351906393388e+02
 2.43500000e+00,        -1.556238378599e-02,        +1.351865786458e+02
 2.43520000e+00,        -1.555175882026e-02,        +1.351825208877e+02
 2.43540000e+00,        -1.554145157345e-02,        +1.351784659970e+02
 2.43560000e+00,        -1.553145612121e-02,        +1.351744139072e+02
 2.43580000e+00,        -1.552176675694e-02,        +1.351703645534e+02
 2.43600000e+00,        -1.551237798496e-02,        +1.351663178715e+02
 2.43620000e+00,        -1.550328451395e-02,        +1.351622737989e+02
 2.43640000e+00,        -1.549448125069e-02,        +1.351582322738e+02
 2.43660000e+00,        -1.548596329415e-02,        +1.351541932358e+02
 2.43680000e+00,        -1.547772592974e-02,        +1.351501566252e+02
 2.43700000e+00,        -1.546976462392e-02,        +1.351461223838e+02
 2.43720000e+00,        -1.546207501898e-02,        +1.351420904538e+02
 2.43740000e+00,        -1.545465292812e-02,        +1.351380607789e+02
 2.43760000e+00,        -1.544749433072e-02,        +1.351340333035e+02
 2.43780000e+00,        -1.544059536786e-02,        +1.351300079727e+02
 2.43800000e+00,        -1.543395233800e-02,        +1.351259847328e+02
 2.43820000e+00,        -1.542756169294e-02,        +1.351219635308e+02
 2.43840000e+00,        -1.542142003389e-02,        +1.351179443146e+02
 2.43860000e+00,        -1.541552410779e-02,        +1.351139270328e+02
 2.43880000e+00,        -1.540987080381e-02,        +1.351099116348e+02
 2.43900000e+00,        -1.540445714997e-02,        +1.351058980707e+02
 2.43920000e+00,        -1.539928030998e-02,        +1.351018862914e+02
 2.43940000e+00,        -1.539433758023e-02,        +1.350978762485e+02
 2.43960000e+00,        -1.538962638689e-02,        +1.350938678943e+02
 2.43980000e+00,        -1.538514428329e-02,        +1.350898611815e+02
 2.44000000e+00,        -1.538088894729e-02,        +1.350858560638e+02
 2.44020000e+00,        -1.537685817886e-02,        +1.350818524953e+02
 2.44040000e+00,        -1.537304989785e-02,        +1.350778504306e+02
 2.44060000e+00,        -1.536946214182e-02,        +1.350738498251e+02
 2.44080000e+00,        -1.536609306401e-02,        +1.350698506347e+02
 2.44100000e+00,        -1.536294093146e-02,        +1.350658528155e+02
 2.44120000e+00,        -1.536000412327e-02,        +1.350618563247e+02
 2.44140000e+00,        -1.535728112891e-02,        +1.350578611194e+02
 2.44160000e+00,        -1.535477054674e-02,        +1.350538671575e+02
 2.44180000e+00,        -1.535247108255e-02,        +1.350498743973e+02
 2.44200000e+00,        -1.535038154829e-02,        +1.350458827975e+02
 2.44220000e+00,        -1.534850086088e-02,        +1.350418923173e+02
 2.44240000e+00,        -1.534682804109e-02,        +1.350379029162e+02
 2.44260000e+00,        -1.534536221261e-02,        +1.350339145541e+02
 2.44280000e+00,        -1.534410260115e-02,        +1.350299271913e+02
 2.44300000e+00,        -1.534304853366e-02,        +1.350259407885e+02
 2.44320000e+00,        -1.534219943769e-02,        +1.350219553065e+02
 2.44340000e+00,        -1.534155484080e-02,        +1.350179707069e+02
 2.44360000e+00,        -1.534111437010e-02,        +1.350139869510e+02
 2.44380000e+00,        -1.534087775184e-02,        +1.350100040009e+02
 2.44400000e+00,        -1.534084481120e-02,        +1.350060218187e+02
 2.44420000e+00,        -1.534101547208e-02,        +1.350020403669e+02
 2.44440000e+00,        -1.534138975700e-02,        +1.349980596081e+02
 2.44460000e+00,        -1.534196778714e-02,        +1.349940795053e+02
 2.44480000e+00,        -1.534274978244e-02,        +1.349901000215e+02
 2.44500000e+00,        -1.534373606184e-02,        +1.349861211203e+02
 2.44520000e+00,        -1.534492704351e-02,        +1.349821427650e+02
 2.44540000e+00,        -1.534632324534e-02,        +1.349781649194e+02
 2.44560000e+00,        -1.534792528538e-02,        +1.349741875474e+02
 2.44580000e+00,        -1.534973388245e-02,        +1.349702106131e+02
 2.44600000e+00,        -1.535174985686e-02,        +1.349662340806e+02
 2.44620000e+00,        -1.535397413116e-02,        +1.349622579143e+02
 2.44640000e+00,        -1.535640773107e-02,        +1.349582820785e+02
 2.44660000e+00,        -1.535905178648e-02,        +1.349543065378e+02
 2.44680000e+00,        -1.536190753256e-02,        +1.349503312569e+02
 2.44700000e+00,        -1.536497631092e-02,        +1.349463562005e+02
 2.44720000e+00,        -1.536825957098e-02,        +1.349423813332e+02
 2.44740000e+00,        -1.537175887136e-02,        +1.349384066201e+02
 2.44760000e+00,        -1.537547588146e-02,        +1.349344320259e+02
 2.44780000e+00,        -1.537941238305e-02,        +1.349304575156e+02
 2.44800000e+00,        -1.538357027210e-02,        +1.349264830541e+02
 2.44820000e+00,        -1.538795156062e-02,        +1.349225086064e+02
 2.44840000e+00,        -1.539255837868e-02,        +1.349185341375e+02
 2.44860000e+00,        -1.539739297654e-02,        +1.349145596122e+02
 2.44880000e+00,        -1.540245772694e-02,        +1.349105849956e+02
 2.44900000e+00,        -1.540775512745e-02,        +1.349066102525e+02
 2.44920000e+00,        -1.541328780301e-02,        +1.349026353479e+02
 2.44940000e+00,        -1.541905850865e-02,        +1.348986602465e+02
 2.44960000e+00,        -1.542507013220e-02,        +1.348946849130e+02
 2.44980000e+00,        -1.543132569735e-02,        +1.348907093123e+02
 2.45000000e+00,        -1.543782836670e-02,        +1.348867334089e+02
 2.45020000e+00,        -1.544458144506e-02,        +1.348827571673e+02
 2.45040000e+00,        -1.545158838286e-02,        +1.348787805520e+02
 2.45060000e+00,        -1.545885277980e-02,        +1.348748035273e+02
 2.45080000e+00,        -1.546637838857e-02,        +1.348708260574e+02
 2.45100000e+00,        -1.547416911884e-02,        +1.348668481064e+02
 2.45120000e+00,        -1.548222904138e-02,        +1.348628696382e+02
 2.45140000e+00,        -1.549056239245e-02,        +1.348588906167e+02
 2.45160000e+00,        -1.549917357829e-02,        +1.348549110056e+02
 2.45180000e+00,        -1.550806717987e-02,        +1.348509307684e+02
 2.45200000e+00,        -1.551724795790e-02,        +1.348469498684e+02
 2.45220000e+00,        -1.552672085797e-02,        +1.348429682689e+02
 2.45240000e+00,        -1.553649101598e-02,        +1.348389859328e+02
 2.45260000e+00,        -1.554656376386e-02,        +1.348350028230e+02
 2.45280000e+00,        -1.555694463541e-02,        +1.348310189021e+02
 2.45300000e+00,        -1.556763937253e-02,        +1.348270341327e+02
 2.45320000e+00,        -1.557865393166e-02,        +1.348230484769e+02
 2.45340000e+00,        -1.558999449051e-02,        +1.348190618969e+02
 2.45360000e+00,        -1.560166745510e-02,        +1.348150743545e+02
 2.45380000e+00,        -1.561367946710e-02,        +1.348110858113e+02
 2.45400000e+00,        -1.562603741147e-02,        +1.348070962289e+02
 2.45420000e+00,        -1.563874842451e-02,        +1.348031055684e+02
 2.45440000e+00,        -1.565181990210e-02,        +1.347991137909e+02
 2.45460000e+00,        -1.566525950852e-02,        +1.347951208572e+02
 2.45480000e+00,        -1.567907518543e-02,        +1.347911267279e+02
 2.45500000e+00,        -1.569327516140e-02,        +1.347871313634e+02
 2.45520000e+00,        -1.570786796177e-02,        +1.347831347239e+02
 2.45540000e+00,        -1.572286241898e-02,        +1.347791367693e+02
 2.45560000e+00,        -1.573826768329e-02,        +1.347751374595e+02
 2.45580000e+00,        -1.575409323404e-02,        +1.347711367541e+02
 2.45600000e+00,        -1.577034889131e-02,        +1.347671346124e+02
 2.45620000e+00,        -1.578704482820e-02,        +1.347631309938e+02
 2.45640000e+00,        -1.580419158348e-02,        +1.347591258572e+02
 2.45660000e+00,        -1.582180007494e-02,        +1.347551191617e+02
 2.45680000e+00,        -1.583988161324e-02,        +1.347511108661e+02
 2.45700000e+00,        -1.585844791633e-02,        +1.347471009289e+02
 2.45720000e+00,        -1.587751112461e-02,        +1.347430893089e+02
 2.45740000e+00,        -1.589708381658e-02,        +1.347390759644e+02
 2.45760000e+00,        -1.591717902530e-02,        +1.347350608540e+02
 2.45780000e+00,        -1.593781025553e-02,        +1.347310439361e+02
 2.45800000e+00,        -1.595899150152e-02,        +1.347270251691e+02
 2.45820000e+00,        -1.598073726572e-02,        +1.347230045116e+02
 2.45840000e+00,        -1.600306257813e-02,        +1.347189819220e+02
 2.45860000e+00,        -1.602598301665e-02,        +1.347149573590e+02
 2.45880000e+00,        -1.604951472813e-02,        +1.347109307814e+02
 2.45900000e+00,        -1.607367445050e-02,        +1.347069021484e+02
 2.45920000e+00,        -1.609847953569e-02,        +1.347028714192e+02
 2.45940000e+00,        -1.612394797363e-02,        +1.346988385535e+02
 2.45960000e+00,        -1.615009841724e-02,        +1.346948035113e+02
 2.45980000e+00,        -1.617695020850e-02,        +1.346907662530e+02
 2.46000000e+00,        -1.620452340558e-02,        +1.346867267399e+02
 2.46020000e+00,        -1.623283881119e-02,        +1.346826849335e+02
 2.46040000e+00,        -1.626191800206e-02,        +1.346786407963e+02
 2.46060000e+00,        -1.629178335969e-02,        +1.346745942915e+02
 2.46080000e+00,        -1.632245810236e-02,        +1.346705453832e+02
 2.46100000e+00,        -1.635396631848e-02,        +1.346664940369e+02
 2.46120000e+00,        -1.638633300135e-02,        +1.346624402188e+02
 2.46140000e+00,        -1.641958408524e-02,        +1.346583838967e+02
 2.46160000e+00,        -1.645374648308e-02,        +1.346543250400e+02
 2.46180000e+00,        -1.648884812552e-02,        +1.346502636196e+02
 2.46200000e+00,        -1.652491800161e-02,        +1.346461996082e+02
 2.46220000e+00,        -1.656198620114e-02,        +1.346421329808e+02
 2.46240000e+00,        -1.660008395848e-02,        +1.346380637144e+02
 2.46260000e+00,        -1.663924369825e-02,        +1.346339917886e+02
 2.46280000e+00,        -1.667949908254e-02,        +1.346299171859e+02
 2.46300000e+00,        -1.672088506007e-02,        +1.346258398915e+02
 2.46320000e+00,        -1.676343791696e-02,        +1.346217598943e+02
 2.46340000e+00,        -1.680719532931e-02,        +1.346176771866e+02
 2.46360000e+00,        -1.685219641773e-02,        +1.346135917648e+02
 2.46380000e+00,        -1.689848180347e-02,        +1.346095036298e+02
 2.46400000e+00,        -1.694609366651e-02,        +1.346054127871e+02
 2.46420000e+00,        -1.699507580535e-02,        +1.346013192475e+02
 2.46440000e+00,        -1.704547369856e-02,        +1.345972230276e+02
 2.46460000e+00,        -1.709733456809e-02,        +1.345931241502e+02
 2.46480000e+00,        -1.715070744413e-02,        +1.345890226450e+02
 2.46500000e+00,        -1.720564323154e-02,        +1.345849185489e+02
 2.46520000e+00,        -1.726219477768e-02,        +1.345808119071e+02
 2.46540000e+00,        -1.732041694159e-02,        +1.345767027734e+02
 2.46560000e+00,        -1.738036666414e-02,        +1.345725912113e+02
 2.46580000e+00,        -1.744210303913e-02,        +1.345684772947e+02
 2.46600000e+00,        -1.750568738493e-02,        +1.345643611085e+02
 2.46620000e+00,        -1.757118331647e-02,        +1.345602427503e+02
 2.46640000e+00,        -1.763865681706e-02,        +1.345561223306e+02
 2.46660000e+00,        -1.770817630969e-02,        +1.345519999744e+02
 2.46680000e+00,        -1.777981272726e-02,        +1.345478758224e+02
 2.46700000e+00,        -1.785363958117e-02,        +1.345437500322e+02
 2.46720000e+00,        -1.792973302742e-02,        +1.345396227797e+02
 2.46740000e+00,        -1.800817192971e-02,        +1.345354942606e+02
 2.46760000e+00,        -1.808903791816e-02,        +1.345313646922e+02
 2.46780000e+00,        -1.817241544303e-02,        +1.345272343150e+02
 2.46800000e+00,        -1.825839182189e-02,        +1.345231033946e+02
 2.46820000e+00,        -1.834705727894e-02,        +1.345189722236e+02
 2.46840000e+00,        -1.843850497487e-02,        +1.345148411242e+02
 2.46860000e+00,        -1.853283102546e-02,        +1.345107104500e+02
 2.46880000e+00,        -1.863013450676e-02,        +1.345065805889e+02
 2.46900000e+00,        -1.873051744465e-02,        +1.345024519655e+02
 2.46920000e+00,        -1.883408478592e-02,        +1.344983250442e+02
 2.46940000e+00,        -1.894094434820e-02,        +1.344942003320e+02
 2.46960000e+00,        -1.905120674503e-02,        +1.344900783822e+02
 2.46980000e+00,        -1.916498528271e-02,        +1.344859597971e+02
 2.47000000e+00,        -1.928239582434e-02,        +1.344818452327e+02
 2.47020000e+00,        -1.940355661678e-02,        +1.344777354015e+02
 2.47040000e+00,        -1.952858807501e-02,        +1.344736310777e+02
 2.47060000e+00,        -1.965761251838e-02,        +1.344695331009e+02
 2.47080000e+00,        -1.979075385216e-02,        +1.344654423808e+02
 2.47100000e+00,        -1.992813718766e-02,        +1.344613599023e+02
 2.47120000e+00,        -2.006988839303e-02,        +1.344572867304e+02
 2.47140000e+00,        -2.021613356647e-02,        +1.344532240155e+02
 2.47160000e+00,        -2.036699842267e-02,        +1.344491729988e+02
 2.47180000e+00,        -2.052260758274e-02,        +1.344451350182e+02
 2.47200000e+00,        -2.068308375690e-02,        +1.344411115138e+02
 2.47220000e+00,        -2.084854680883e-02,        +1.344371040342e+02
 2.47240000e+00,        -2.101911268942e-02,        +1.344331142420e+02
 2.47260000e+00,        -2.119489222774e-02,        +1.344291439202e+02
 2.47280000e+00,        -2.137598976590e-02,        +1.344251949779e+02
 2.47300000e+00,        -2.156250162458e-02,        +1.344212694562e+02
 2.47320000e+00,        -2.175451438601e-02,        +1.344173695333e+02
 2.47340000e+00,        -2.195210298073e-02,        +1.344134975302e+02
 2.47360000e+00,        -2.215532856611e-02,        +1.344096559144e+02
 2.47380000e+00,        -2.236423618447e-02,        +1.344058473045e+02
 2.47400000e+00,        -2.257885219117e-02,        +1.344020744724e+02
 2.47420000e+00,        -2.279918144474e-02,        +1.343983403454e+02
 2.47440000e+00,        -2.302520425455e-02,        +1.343946480062e+02
 2.47460000e+00,        -2.325687308521e-02,        +1.343910006917e+02
 2.47480000e+00,        -2.349410902252e-02,        +1.343874017895e+02
 2.47500000e+00,        -2.373679801143e-02,        +1.343838548318e+02
 2.47520000e+00,        -2.398478688500e-02,        +1.343803634870e+02
 2.47540000e+00,        -2.423787921189e-02,        +1.343769315480e+02
 2.47560000e+00,        -2.449583100105e-02,        +1.343735629166e+02
 2.47580000e+00,        -2.475834631462e-02,        +1.343702615844e+02
 2.47600000e+00,        -2.502507285394e-02,        +1.343670316086e+02
 2.47620000e+00,        -2.529559759928e-02,        +1.343638770840e+02
 2.47640000e+00,        -2.556944260015e-02,        +1.343608021083e+02
 2.47660000e+00,        -2.584606103124e-02,        +1.343578107437e+02
 2.47680000e+00,        -2.612483364641e-02,        +1.343549069710e+02
 2.47700000e+00,        -2.640506578092e-02,        +1.343520946391e+02
 2.47720000e+00,        -2.668598506837e-02,        +1.343493774081e+02
 2.47740000e+00,        -2.696674005240e-02,        +1.343467586869e+02
 2.47760000e+00,        -2.724639988308e-02,        +1.343442415657e+02
 2.47780000e+00,        -2.752395529297e-02,        +1.343418287445e+02
 2.47800000e+00,        -2.779832104506e-02,        +1.343395224567e+02
 2.47820000e+00,        -2.806834003447e-02,        +1.343373243923e+02
 2.47840000e+00,        -2.833278920487e-02,        +1.343352356188e+02
 2.47860000e+00,        -2.859038740846e-02,        +1.343332565045e+02
 2.47880000e+00,        -2.883980529430e-02,        +1.343313866443e+02
 2.47900000e+00,        -2.907967725351e-02,        +1.343296247917e+02
 2.47920000e+00,        -2.930861538129e-02,        +1.343279687987e+02
 2.47940000e+00,        -2.952522533813e-02,        +1.343264155676e+02
 2.47960000e+00,        -2.972812390632e-02,        +1.343249610152e+02
 2.47980000e+00,        -2.991595794877e-02,        +1.343236000540e+02
 2.48000000e+00,        -3.008742438839e-02,        +1.343223265914e+02
 2.48020000e+00,        -3.024129074429e-02,        +1.343211335493e+02
 2.48040000e+00,        -3.037641569132e-02,        +1.343200129045e+02
 2.48060000e+00,        -3.049176905753e-02,        +1.343189557518e+02
 2.48080000e+00,        -3.058645064677e-02,        +1.343179523875e+02
 2.48100000e+00,        -3.065970727278e-02,        +1.343169924144e+02
 2.48120000e+00,        -3.071094742189e-02,        +1.343160648649e+02
 2.48140000e+00,        -3.073975302238e-02,        +1.343151583389e+02
 2.48160000e+00,        -3.074588788880e-02,        +1.343142611553e+02
 2.48180000e+00,        -3.072930252507e-02,        +1.343133615103e+02
 2.48200000e+00,        -3.069013510444e-02,        +1.343124476394e+02
 2.48220000e+00,        -3.062870858929e-02,        +1.343115079786e+02
 2.48240000e+00,        -3.054552410179e-02,        +1.343105313198e+02
 2.48260000e+00,        -3.044125079648e-02,        +1.343095069554e+02
 2.48280000e+00,        -3.031671261191e-02,        +1.343084248101e+02
 2.48300000e+00,        -3.017287238142e-02,        +1.343072755547e+02
 2.48320000e+00,        -3.001081385914e-02,        +1.343060507007e+02
 2.48340000e+00,        -2.983172226281e-02,        +1.343047426739e+02
 2.48360000e+00,        -2.963686394968e-02,        +1.343033448662e+02
 2.48380000e+00,        -2.942756582704e-02,        +1.343018516657e+02
 2.48400000e+00,        -2.920519505862e-02,        +1.343002584659e+02
 2.48420000e+00,        -2.897113956629e-02,        +1.342985616559e+02
 2.48440000e+00,        -2.872678975056e-02,        +1.342967585933e+02
 2.48460000e+00,        -2.847352176661e-02,        +1.342948475617e+02
 2.48480000e+00,        -2.821268260382e-02,        +1.342928277165e+02
 2.48500000e+00,        -2.794557712846e-02,        +1.342906990212e+02
 2.48520000e+00,        -2.767345716715e-02,        +1.342884621757e+02
 2.48540000e+00,        -2.739751263556e-02,        +1.342861185412e+02
 2.48560000e+00,        -2.711886465452e-02,        +1.342836700622e+02
 2.48580000e+00,        -2.683856054558e-02,        +1.342811191885e+02
 2.48600000e+00,        -2.655757056023e-02,        +1.342784687984e+02
 2.48620000e+00,        -2.627678617059e-02,        +1.342757221253e+02
 2.48640000e+00,        -2.599701973422e-02,        +1.342728826881e+02
 2.48660000e+00,        -2.571900533898e-02,        +1.342699542259e+02
 2.48680000e+00,        -2.544340063556e-02,        +1.342669406390e+02
 2.48700000e+00,        -2.517078947262e-02,        +1.342638459347e+02
 2.48720000e+00,        -2.490168516160e-02,        +1.342606741798e+02
 2.48740000e+00,        -2.463653421301e-02,        +1.342574294580e+02
 2.48760000e+00,        -2.437572040323e-02,        +1.342541158334e+02
 2.48780000e+00,        -2.411956904852e-02,        +1.342507373197e+02
 2.48800000e+00,        -2.386835138053e-02,        +1.342472978536e+02
 2.48820000e+00,        -2.362228893480e-02,        +1.342438012733e+02
 2.48840000e+00,        -2.338155788005e-02,        +1.342402513013e+02
 2.48860000e+00,        -2.314629323030e-02,        +1.342366515306e+02
 2.48880000e+00,        -2.291659289532e-02,        +1.342330054148e+02
 2.48900000e+00,        -2.269252153645e-02,        +1.342293162605e+02
 2.48920000e+00,        -2.247411420464e-02,        +1.342255872230e+02
 2.48940000e+00,        -2.226137974615e-02,        +1.342218213034e+02
 2.48960000e+00,        -2.205430396819e-02,        +1.342180213484e+02
 2.48980000e+00,        -2.185285256268e-02,        +1.342141900509e+02
 2.49000000e+00,        -2.165697379063e-02,        +1.342103299525e+02
 2.49020000e+00,        -2.146660093351e-02,        +1.342064434464e+02
 2.49040000e+00,        -2.128165452017e-02,        +1.342025327820e+02
 2.49060000e+00,        -2.110204434034e-02,        +1.341986000693e+02
 2.49080000e+00,        -2.092767125658e-02,        +1.341946472844e+02
 2.49100000e+00,        -2.075842882755e-02,        +1.341906762745e+02
 2.49120000e+00,        -2.059420475609e-02,        +1.341866887643e+02
 2.49140000e+00,        -2.043488217496e-02,        +1.341826863619e+02
 2.49160000e+00,        -2.028034078381e-02,        +1.341786705640e+02
 2.49180000e+00,        -2.013045784979e-02,        +1.341746427627e+02
 2.49200000e+00,        -1.998510908418e-02,        +1.341706042508e+02
 2.49220000e+00,        -1.984416940648e-02,        +1.341665562278e+02
 2.49240000e+00,        -1.970751360694e-02,        +1.341624998052e+02
 2.49260000e+00,        -1.957501691773e-02,        +1.341584360119e+02
 2.49280000e+00,        -1.944655550202e-02,        +1.341543657997e+02
 2.49300000e+00,        -1.932200686987e-02,        +1.341502900476e+02
 2.49320000e+00,        -1.920125022883e-02,        +1.341462095671e+02
 2.49340000e+00,        -1.908416677651e-02,        +1.341421251064e+02
 2.49360000e+00,        -1.897063994190e-02,        +1.341380373545e+02
 2.49380000e+00,        -1.886055558136e-02,        +1.341339469457e+02
 2.49400000e+00,        -1.875380213475e-02,        +1.341298544628e+02
 2.49420000e+00,        -1.865027074664e-02,        +1.341257604410e+02
 2.49440000e+00,        -1.854985535702e-02,        +1.341216653715e+02
 2.49460000e+00,        -1.845245276545e-02,        +1.341175697039e+02
 2.49480000e+00,        -1.835796267212e-02,        +1.341134738500e+02
 2.49500000e+00,        -1.826628769916e-02,        +1.341093781858e+02
 2.49520000e+00,        -1.817733339475e-02,        +1.341052830547e+02
 2.49540000e+00,        -1.809100822271e-02,        +1.341011887696e+02
 2.49560000e+00,        -1.800722353974e-02,        +1.340970956151e+02
 2.49580000e+00,        -1.792589356217e-02,        +1.340930038499e+02
 2.49600000e+00,        -1.784693532399e-02,        +1.340889137083e+02
 2.49620000e+00,        -1.777026862773e-02,        +1.340848254024e+02
 2.49640000e+00,        -1.769581598942e-02,        +1.340807391236e+02
 2.49660000e+00,        -1.762350257876e-02,        +1.340766550443e+02
 2.49680000e+00,        -1.755325615566e-02,        +1.340725733193e+02
 2.49700000e+00,        -1.748500700391e-02,        +1.340684940871e+02
 2.49720000e+00,        -1.741868786270e-02,        +1.340644174711e+02
 2.49740000e+00,        -1.735423385679e-02,        +1.340603435810e+02
 2.49760000e+00,        -1.729158242582e-02,        +1.340562725138e+02
 2.49780000e+00,        -1.723067325316e-02,        +1.340522043545e+02
 2.49800000e+00,        -1.717144819490e-02,        +1.340481391777e+02
 2.49820000e+00,        -1.711385120918e-02,        +1.340440770475e+02
 2.49840000e+00,        -1.705782828618e-02,        +1.340400180195e+02
 2.49860000e+00,        -1.700332737914e-02,        +1.340359621402e+02
 2.49880000e+00,        -1.695029833636e-02,        +1.340319094490e+02
 2.49900000e+00,        -1.689869283467e-02,        +1.340278599779e+02
 2.49920000e+00,        -1.684846431422e-02,        +1.340238137522e+02
 2.49940000e+00,        -1.679956791488e-02,        +1.340197707917e+02
 2.49960000e+00,        -1.675196041426e-02,        +1.340157311105e+02
 2.49980000e+00,        -1.670560016735e-02,        +1.340116947176e+02
 2.50000000e+00,        -1.666044704804e-02,        +1.340076616176e+02
 2.50020000e+00,        -1.661646239228e-02,        +1.340036318109e+02
 2.50040000e+00,        -1.657360894302e-02,        +1.339996052942e+02
 2.50060000e+00,        -1.653185079701e-02,        +1.339955820605e+02
 2.50080000e+00,        -1.649115335328e-02,        +1.339915620998e+02
 2.50100000e+00,        -1.645148326349e-02,        +1.339875453993e+02
 2.50120000e+00,        -1.641280838385e-02,        +1.339835319436e+02
 2.50140000e+00,        -1.637509772890e-02,        +1.339795217149e+02
 2.50160000e+00,        -1.633832142692e-02,        +1.339755146933e+02
 2.50180000e+00,        -1.630245067693e-02,        +1.339715108570e+02
 2.50200000e+00,        -1.626745770734e-02,        +1.339675101825e+02
 2.50220000e+00,        -1.623331573616e-02,        +1.339635126449e+02
 2.50240000e+00,        -1.619999893271e-02,        +1.339595182177e+02
 2.50260000e+00,        -1.616748238077e-02,        +1.339555268734e+02
 2.50280000e+00,        -1.613574204328e-02,        +1.339515385834e+02
 2.50300000e+00,        -1.610475472822e-02,        +1.339475533180e+02
 2.50320000e+00,        -1.607449805605e-02,        +1.339435710469e+02
 2.50340000e+00,        -1.604495042827e-02,        +1.339395917391e+02
 2.50360000e+00,        -1.601609099730e-02,        +1.339356153627e+02
 2.50380000e+00,        -1.598789963758e-02,        +1.339316418856e+02
 2.50400000e+00,        -1.596035691778e-02,        +1.339276712751e+02
 2.50420000e+00,        -1.593344407412e-02,        +1.339237034983e+02
 2.50440000e+00,        -1.590714298486e-02,        +1.339197385218e+02
 2.50460000e+00,        -1.588143614567e-02,        +1.339157763122e+02
 2.50480000e+00,        -1.585630664612e-02,        +1.339118168358e+02
 2.50500000e+00,        -1.583173814707e-02,        +1.339078600590e+02
 2.50520000e+00,        -1.580771485897e-02,        +1.339039059478e+02
 2.50540000e+00,        -1.578422152106e-02,        +1.338999544686e+02
 2.50560000e+00,        -1.576124338140e-02,        +1.338960055876e+02
 2.50580000e+00,        -1.573876617770e-02,        +1.338920592711e+02
 2.50600000e+00,        -1.571677611897e-02,        +1.338881154856e+02
 2.50620000e+00,        -1.569525986787e-02,        +1.338841741977e+02
 2.50640000e+00,        -1.567420452375e-02,        +1.338802353740e+02
 2.50660000e+00,        -1.565359760649e-02,        +1.338762989817e+02
 2.50680000e+00,        -1.563342704085e-02,        +1.338723649879e+02
 2.50700000e+00,        -1.561368114155e-02,        +1.338684333599e+02
 2.50720000e+00,        -1.559434859890e-02,        +1.338645040656e+02
 2.50740000e+00,        -1.557541846506e-02,        +1.338605770728e+02
 2.50760000e+00,        -1.555688014076e-02,        +1.338566523499e+02
 2.50780000e+00,        -1.553872336268e-02,        +1.338527298653e+02
 2.50800000e+00,        -1.552093819120e-02,        +1.338488095881e+02
 2.50820000e+00,        -1.550351499876e-02,        +1.338448914873e+02
 2.50840000e+00,        -1.548644445858e-02,        +1.338409755327e+02
 2.50860000e+00,        -1.546971753389e-02,        +1.338370616940e+02
 2.50880000e+00,        -1.545332546761e-02,        +1.338331499415e+02
 2.50900000e+00,        -1.543725977231e-02,        +1.338292402458e+02
 2.50920000e+00,        -1.542151222077e-02,        +1.338253325779e+02
 2.50940000e+00,        -1.540607483669e-02,        +1.338214269091e+02
 2.50960000e+00,        -1.539093988591e-02,        +1.338175232111e+02
 2.50980000e+00,        -1.537609986797e-02,        +1.338136214561e+02
 2.51000000e+00,        -1.536154750790e-02,        +1.338097216163e+02
 2.51020000e+00,        -1.534727574843e-02,        +1.338058236648e+02
 2.51040000e+00,        -1.533327774242e-02,        +1.338019275745e+02
 2.51060000e+00,        -1.531954684568e-02,        +1.337980333192e+02
 2.51080000e+00,        -1.530607660997e-02,        +1.337941408727e+02
 2.51100000e+00,        -1.529286077631e-02,        +1.337902502093e+02
 2.51120000e+00,        -1.527989326854e-02,        +1.337863613037e+02
 2.51140000e+00,        -1.526716818718e-02,        +1.337824741310e+02
 2.51160000e+00,        -1.525467980336e-02,        +1.337785886666e+02
 2.51180000e+00,        -1.524242255324e-02,        +1.337747048861e+02
 2.51200000e+00,        -1.523039103234e-02,        +1.337708227658e+02
 2.51220000e+00,        -1.521857999035e-02,        +1.337669422821e+02
 2.51240000e+00,        -1.520698432596e-02,        +1.337630634119e+02
 2.51260000e+00,        -1.519559908194e-02,        +1.337591861323e+02
 2.51280000e+00,        -1.518441944044e-02,        +1.337553104209e+02
 2.51300000e+00,        -1.517344071840e-02,        +1.337514362556e+02
 2.51320000e+00,        -1.516265836314e-02,        +1.337475636145e+02
 2.51340000e+00,        -1.515206794820e-02,        +1.337436924763e+02
 2.51360000e+00,        -1.514166516914e-02,        +1.337398228197e+02
 2.51380000e+00,        -1.513144583976e-02,        +1.337359546241e+02
 2.51400000e+00,        -1.512140588819e-02,        +1.337320878689e+02
 2.51420000e+00,        -1.511154135331e-02,        +1.337282225340e+02
 2.51440000e+00,        -1.510184838121e-02,        +1.337243585995e+02
 2.51460000e+00,        -1.509232322181e-02,        +1.337204960460e+02
 2.51480000e+00,        -1.508296222557e-02,        +1.337166348541e+02
 2.51500000e+00,        -1.507376184036e-02,        +1.337127750051e+02
 2.51520000e+00,        -1.506471860841e-02,        +1.337089164802e+02
 2.51540000e+00,        -1.505582916337e-02,        +1.337050592611e+02
 2.51560000e+00,        -1.504709022750e-02,        +1.337012033298e+02
 2.51580000e+00,        -1.503849860890e-02,        +1.336973486686e+02
 2.51600000e+00,        -1.503005119894e-02,        +1.336934952599e+02
 2.51620000e+00,        -1.502174496964e-02,        +1.336896430865e+02
 2.51640000e+00,        -1.501357697128e-02,        +1.336857921316e+02
 2.51660000e+00,        -1.500554432999e-02,        +1.336819423784e+02
 2.51680000e+00,        -1.499764424547e-02,        +1.336780938106e+02
 2.51700000e+00,        -1.498987398879e-02,        +1.336742464119e+02
 2.51720000e+00,        -1.498223090025e-02,        +1.336704001666e+02
 2.51740000e+00,        -1.497471238731e-02,        +1.336665550589e+02
 2.51760000e+00,        -1.496731592263e-02,        +1.336627110734e+02
 2.51780000e+00,        -1.496003904207e-02,        +1.336588681951e+02
 2.51800000e+00,        -1.495287934294e-02,        +1.336550264089e+02
 2.51820000e+00,        -1.494583448210e-02,        +1.336511857002e+02
 2.51840000e+00,        -1.493890217428e-02,        +1.336473460545e+02
 2.51860000e+00,        -1.493208019039e-02,        +1.336435074577e+02
 2.51880000e+00,        -1.492536635588e-02,        +1.336396698956e+02
 2.51900000e+00,        -1.491875854919e-02,        +1.336358333546e+02
 2.51920000e+00,        -1.491225470020e-02,        +1.336319978209e+02
 2.51940000e+00,        -1.490585278881e-02,        +1.336281632813e+02
 2.51960000e+00,        -1.489955084346e-02,        +1.336243297226e+02
 2.51980000e+00,        -1.489334693981e-02,        +1.336204971318e+02
 2.52000000e+00,        -1.488723919937e-02,        +1.336166654962e+02
